kepoi_name,koi_period,koi_prad,koi_srad,koi_teq,koi_insol
K00752.01,9.48803557,2.26,0.927,793.0,93.59
K00752.02,54.4183827,2.83,0.927,443.0,9.11
K00753.01,19.89913995,14.6,0.868,638.0,39.3
K00754.01,1.736952453,33.46,0.791,1395.0,891.96
K00755.01,2.525591777,2.75,1.046,1406.0,926.16
K00756.01,11.09432054,3.9,0.972,835.0,114.81
K00756.02,4.13443512,2.77,0.972,1160.0,427.65
K00756.03,2.56658897,1.59,0.972,1360.0,807.74
K00114.01,7.36178958,39.21,1.958,1342.0,767.22
K00757.01,16.06864674,5.76,0.848,600.0,30.75
K00001.01,2.470613377,13.04,0.964,1339.0,761.46
K00002.01,2.204735417,16.1,1.952,2048.0,4148.92
K00010.01,3.522498429,14.59,1.451,1521.0,1264.67
K00112.02,3.709214104,1.16,1.022,1206.0,500.46
K00742.01,11.521446064,150.51,0.848,753.0,75.88
K00743.01,19.40393776,7.18,0.68,523.0,17.69
K00744.01,19.221388942,49.29,0.947,698.0,55.97
K00745.01,16.46983774,7.94,0.786,595.0,29.61
K00746.01,9.27358173,2.47,0.696,649.0,41.85
K00747.01,6.02930329,2.85,0.672,678.0,50.04
K00748.01,2.696370652,1.58,0.819,1066.0,305.34
K00749.01,5.349553819,2.55,0.91,919.0,168.99
K00749.02,3.94105221,1.7,0.91,1018.0,253.15
K00749.03,8.10904807,1.3,0.91,800.0,97.03
K00113.01,386.6030528,41.5,1.58,297.0,1.84
K00750.01,21.67699193,2.95,0.828,530.0,18.64
K00751.01,4.99677968,2.78,0.847,917.0,166.95
K00769.01,4.280963604,2.3,0.831,1012.0,247.87
K00770.01,1.50635409,4.53,0.831,1452.0,1054.12
K00771.01,670.645531,14.14,0.983,196.0,0.35
K00772.01,61.2563628,39.87,1.091,505.0,15.43
K00773.01,38.3775486,2.82,1.036,529.0,18.53
K00757.02,41.19725502,3.86,0.848,439.0,8.76
K00757.03,6.252962249,2.65,0.848,823.0,108.3
K00758.01,16.01308419,3.1,0.826,593.0,29.31
K00759.01,32.62876672,3.36,0.798,506.0,15.55
K00759.02,91.7732862,2.12,0.798,359.0,3.92
K00760.01,4.959319244,12.21,1.082,1103.0,349.4
K00761.01,2.701287801,6.54,0.91,1222.0,527.81
K00762.01,4.49876511,2.1,0.969,1133.0,389.62
K00763.01,19.651209505,12.42,1.063,730.0,67.03
K00115.01,5.412203927,2.94,1.087,1093.0,337.68
K00764.01,41.43958662,5.5,1.046,516.0,16.72
K00765.01,8.35389523,2.52,0.787,790.0,91.9
K00766.01,4.125543472,4.43,1.103,1243.0,565.35
K00767.01,2.816504904,12.21,0.955,1219.0,521.13
K00768.01,33.93373447,7.34,0.705,430.0,8.11
K00786.01,3.689920099,1.89,0.917,1147.0,408.99
K00787.01,4.431238488,3.25,1.015,1104.0,351.23
K00787.02,11.37936986,3.95,1.015,806.0,99.68
K00788.01,26.39432897,3.07,0.763,489.0,13.49
K00116.01,13.57078281,2.64,1.012,785.0,89.61
K00115.02,7.12594387,1.79,1.087,997.0,233.31
K00774.01,7.442652004,15.03,0.956,967.0,206.78
K00775.01,16.38489988,2.0,0.615,433.0,8.35
K00775.02,7.8774163,2.16,0.615,553.0,22.18
K00775.03,36.4454001,1.99,0.615,332.0,2.88
K00776.01,3.728732147,6.02,0.809,1023.0,258.34
K00777.01,40.4195037,7.51,0.781,467.0,11.29
K00778.01,2.243380573,1.99,0.564,822.0,107.6
K00779.01,10.405998015,11.23,0.924,833.0,113.94
K00780.01,2.337437946,2.34,0.765,1070.0,311.16
K00780.02,7.2406612,19.45,0.765,734.0,68.63
K00115.03,3.43591631,0.55,1.087,1272.0,617.61
K00781.01,11.59822233,2.65,0.473,396.0,5.82
K00782.01,6.575315881,5.31,0.989,1015.0,251.38
K00783.01,7.275040844,4.86,0.867,833.0,113.64
K00784.01,19.27153892,1.93,0.56,393.0,5.66
K00784.02,10.06524317,1.91,0.56,488.0,13.43
K00785.01,12.3935651,2.66,0.75,677.0,49.68
K00116.02,43.84439721,2.87,1.012,531.0,18.77
K00798.01,3.341913228,21.55,0.811,1032.0,268.67
K00799.01,1.626630225,32.43,0.973,1547.0,1355.88
K00800.01,2.711504086,3.12,1.076,1420.0,960.79
K00800.02,7.21203748,3.32,1.076,1025.0,260.58
K00789.01,14.1798187,1.88,0.878,711.0,60.35
K00790.01,8.47237911,2.59,0.788,751.0,75.44
K00790.02,60.4189369,2.36,0.788,390.0,5.49
K00791.01,12.611904345,7.4,0.919,753.0,76.15
K00792.01,1.433769925,46.58,1.339,1920.0,3209.29
K00793.01,10.31872301,28.59,1.06,876.0,139.26
K00794.01,2.539183147,2.06,1.062,1332.0,743.09
K00795.01,6.770300385,2.77,0.679,812.0,102.87
K00796.01,0.444291966,27.51,0.636,1836.0,2706.26
K00797.01,10.181584004,7.73,0.836,812.0,102.91
K00812.02,20.06036336,1.96,0.493,361.0,4.0
K00812.03,46.1842039,1.83,0.493,273.0,1.32
K00116.04,23.9800854,1.31,1.012,649.0,41.94
K00812.04,7.82502168,1.2,0.493,494.0,14.05
K00813.01,3.895936525,7.34,0.774,1005.0,241.62
K00814.01,22.36646466,2.32,0.734,536.0,19.45
K00801.01,1.625522174,9.73,1.106,1579.0,1467.41
K00802.01,19.620346923,13.6,0.905,643.0,40.39
K00803.01,7.544039,17.47,0.824,838.0,116.46
K00804.01,9.02930689,2.57,0.82,757.0,77.75
K00805.01,10.328035714,13.28,1.024,843.0,119.31
K00806.01,143.2063047,8.9,0.867,308.0,2.14
K00116.03,6.164876,0.79,1.012,1021.0,256.35
K00806.02,60.32494216,12.19,0.867,411.0,6.77
K00806.03,29.1598615,1.91,0.867,524.0,17.85
K00807.01,1.540397253,25.69,0.915,1470.0,1105.68
K00808.01,2.99025443,1.7,0.731,918.0,168.45
K00809.01,1.594745374,11.3,0.893,1539.0,1329.42
K00810.01,4.783002698,2.5,0.807,886.0,145.48
K00811.01,20.50588921,3.41,0.761,518.0,17.06
K00812.01,3.340218842,2.03,0.493,656.0,43.73
K00828.01,2.507089906,30.26,0.939,1326.0,730.47
K00829.01,18.64932728,3.12,1.053,701.0,57.13
K00117.02,4.90144976,1.7,1.402,1262.0,598.74
K00829.02,9.75192101,2.76,1.053,870.0,135.66
K00829.03,38.5576546,4.02,1.053,550.0,21.71
K00830.01,3.525632539,11.58,0.793,975.0,213.12
K00815.01,34.84398644,7.61,0.871,511.0,16.1
K00816.01,7.748094239,5.52,1.085,964.0,204.39
K00817.01,23.96793669,1.8,0.524,329.0,2.77
K00818.01,8.11437482,2.1,0.517,460.0,10.55
K00819.01,38.036729482,27.5,0.932,500.0,14.81
K00820.01,4.64090031,30.09,0.826,1155.0,421.08
K00011.01,3.747838198,13.65,0.826,1031.0,266.76
K00117.01,14.74914825,2.89,1.402,874.0,137.91
K00821.01,21.81295996,3.38,0.999,639.0,39.33
K00822.01,7.91936937,10.34,0.776,814.0,104.0
K00823.01,1.028436523,72.77,0.99,1947.0,3400.48
K00824.01,15.37562369,11.01,0.833,600.0,30.54
K00825.01,8.10363271,2.11,0.732,687.0,52.82
K00825.02,4.71510843,1.46,0.732,823.0,108.84
K00826.01,6.365839713,2.44,0.849,914.0,165.33
K00827.01,5.97581754,3.86,0.997,1047.0,284.25
K00839.01,2.446737317,26.25,0.863,1261.0,597.19
K00840.01,3.04033046,8.99,0.791,1021.0,257.29
K00841.01,15.33528675,5.0,0.817,610.0,32.67
K00117.04,7.95825328,1.06,1.402,1074.0,314.15
K00841.02,31.33046135,6.5,0.817,481.0,12.61
K00831.01,3.9043425,12.28,0.898,1104.0,351.05
K00832.01,9.286358079,17.61,0.821,796.0,95.03
K00833.01,3.951405455,31.44,0.869,1133.0,388.71
K00834.01,23.65369415,7.89,1.384,731.0,67.65
K00834.02,13.23352214,3.06,1.384,888.0,146.67
K00834.03,6.15560285,2.32,1.384,1146.0,406.94
K00834.04,2.090811305,1.62,1.384,1642.0,1718.04
K00117.03,3.180027898,1.53,1.402,1458.0,1066.86
K00834.05,50.4467417,2.67,1.384,568.0,24.64
K00835.01,11.76307164,2.35,0.756,616.0,33.99
K00835.02,56.2279271,2.37,0.756,366.0,4.22
K00836.01,2.384052875,17.06,0.701,1010.0,244.87
K00837.01,7.953547,2.25,0.779,696.0,55.37
K00837.02,4.14451656,1.48,0.779,864.0,132.08
K00838.01,4.859386384,38.33,0.988,1114.0,364.23
K00850.01,10.526294577,8.24,0.793,713.0,61.16
K00851.01,4.583520948,5.39,0.877,1038.0,274.98
K00852.01,3.76181843,2.66,0.949,1121.0,372.62
K00853.01,8.20396958,3.01,0.826,742.0,71.5
K00853.02,14.49645186,3.01,0.826,613.0,33.48
K00841.03,6.54626149,2.19,0.817,810.0,101.78
K00842.01,12.71809866,2.31,0.686,562.0,23.6
K00842.02,36.06588163,2.64,0.686,397.0,5.88
K00843.01,4.190425659,6.21,1.135,1234.0,547.9
K00844.01,3.709870784,4.35,0.978,1151.0,415.1
K00845.01,16.3297527,3.75,0.987,727.0,66.08
K00846.01,27.807566216,13.84,0.785,554.0,22.24
K00847.01,80.8723469,7.59,1.238,452.0,9.88
K00848.01,3.166465862,26.82,0.704,954.0,196.31
K00118.01,24.99324319,2.29,1.317,712.0,60.88
K00849.01,10.35533116,2.47,0.918,777.0,86.22
K00867.01,16.08518937,3.68,0.826,613.0,33.43
K00868.01,235.9986399,10.59,0.657,188.0,0.29
K00869.01,7.49018305,2.56,0.787,753.0,76.06
K00869.02,36.2761238,3.03,0.787,445.0,9.29
K00869.03,17.46087931,2.32,0.787,568.0,24.6
K00854.01,56.0560754,1.94,0.491,233.0,0.69
K00855.01,41.408316686,11.38,0.747,453.0,9.93
K00856.01,39.74893077,14.21,0.964,552.0,21.87
K00857.01,5.715425977,2.47,0.826,850.0,123.03
K00119.01,49.18394185,8.2,2.057,669.0,47.4
K00857.02,20.0261412,2.28,0.826,559.0,23.14
K00858.01,13.61014819,19.02,0.903,733.0,68.29
K00859.01,10.44331991,2.66,0.802,667.0,46.94
K00861.01,2.237489571,1.41,0.81,1160.0,427.17
K00862.01,5.851520671,14.62,0.806,901.0,155.89
K00863.01,3.167893418,2.62,0.94,1221.0,526.23
K00864.01,4.311780262,3.11,0.927,1038.0,274.84
K00864.02,20.0504494,2.69,0.927,622.0,35.44
K00864.03,9.76734503,2.67,0.927,791.0,92.46
K00865.01,119.0207044,8.98,1.062,366.0,4.25
K00119.02,190.3200468,7.78,2.057,426.0,7.8
K00866.01,2.861159894,4.37,1.021,1355.0,797.1
K00880.01,26.44439337,3.91,0.929,562.0,23.54
K00880.02,51.53997972,5.51,0.929,450.0,9.67
K00880.03,5.902245782,2.43,0.929,926.0,173.74
K00880.04,2.382951591,1.86,0.929,1253.0,583.01
K00881.01,21.02250608,3.07,0.75,521.0,17.48
K00869.04,3.219814777,1.69,0.787,998.0,234.93
K00870.01,5.912273234,1.73,0.57,585.0,27.72
K00870.02,8.98581901,1.65,0.57,509.0,15.9
K00871.01,12.940668656,22.94,0.809,723.0,64.64
K00120.01,20.5452375,2.41,1.264,742.0,71.57
K00872.01,33.60123371,8.46,0.93,495.0,14.22
K00872.02,6.76652928,1.97,0.93,845.0,120.48
K00873.01,4.347288783,2.36,1.122,1174.0,449.79
K00874.01,4.601811819,2.35,0.833,896.0,152.91
K00874.02,11.18719905,1.55,0.833,667.0,46.65
K00875.01,4.220965778,2.62,0.517,595.0,29.68
K00876.01,6.998099523,588.66,0.829,853.0,125.22
K00877.01,5.95489993,2.33,0.633,635.0,38.52
K00877.02,12.03987488,2.18,0.633,502.0,15.06
K00877.03,20.83762895,1.42,0.633,418.0,7.24
K00121.01,8.8111022,63.66,2.404,1399.0,904.92
K00878.01,23.58917143,3.16,0.721,487.0,13.34
K00123.01,6.481633073,2.54,1.302,1145.0,406.25
K00892.01,10.37168928,3.2,0.888,720.0,63.68
K00892.02,3.96996298,1.78,0.888,992.0,229.37
K00893.01,4.40841331,2.66,0.961,1139.0,398.0
K00894.01,7.9426176,4.68,0.926,878.0,140.57
K00881.02,226.8904775,4.53,0.75,236.0,0.73
K00882.01,1.956811408,21.58,0.603,1109.0,357.16
K00883.01,2.688899233,12.04,0.639,929.0,175.76
K00884.01,9.439459486,4.16,0.779,686.0,52.32
K00122.01,11.523067458,3.13,1.411,927.0,174.81
K00884.02,20.47748843,2.92,0.779,530.0,18.65
K00884.03,3.336123113,1.74,0.779,970.0,209.79
K00886.01,8.01078456,1.72,0.47,453.0,9.9
K00886.02,12.07134205,1.29,0.47,395.0,5.74
K00886.03,20.99587872,1.3,0.47,328.0,2.74
K00887.01,7.41113177,2.45,0.919,905.0,158.11
K00888.01,1.000747038,4.14,0.79,1620.0,1635.2
K00889.01,8.884922995,10.51,0.843,770.0,83.21
K00890.01,8.09888906,8.95,1.076,986.0,223.19
K00891.01,10.00653012,3.52,1.001,876.0,139.21
K00012.01,17.855221681,13.16,1.367,911.0,163.04
K00901.01,12.732624065,4.87,0.541,432.0,8.22
K00902.01,83.92494032,4.78,0.509,226.0,0.62
K00903.01,5.007316661,6.96,0.827,998.0,234.28
K00904.01,2.211116989,1.85,0.646,931.0,177.19
K00904.02,27.9541337,1.9,0.646,400.0,6.04
K00124.01,12.69104387,2.57,1.626,1008.0,244.3
K00895.01,4.409409243,10.95,0.975,1101.0,347.06
K00896.01,16.23947096,4.14,0.837,598.0,30.14
K00896.02,6.308201629,2.96,0.837,819.0,106.44
K00897.01,2.052349884,13.12,1.08,1497.0,1183.18
K00898.01,9.7704486,2.23,0.509,460.0,10.59
K00898.02,5.169804269,1.66,0.509,569.0,24.75
K00123.02,21.22261195,2.48,1.302,771.0,83.56
K00898.03,20.09017037,2.25,0.509,362.0,4.05
K00899.01,7.11373257,1.16,0.411,429.0,8.01
K00899.02,3.306551643,0.91,0.411,554.0,22.19
K00899.03,15.36845737,1.11,0.411,332.0,2.86
K00900.01,13.81020318,4.56,1.142,833.0,113.75
K00911.01,4.093578461,2.85,0.999,1182.0,461.07
K00911.02,105.145959,3.43,0.999,401.0,6.09
K00912.01,10.8484518,2.34,0.591,499.0,14.66
K00912.02,6.66833241,1.18,0.591,587.0,28.06
K00913.01,4.082274889,10.55,0.794,1016.0,251.48
K00914.01,3.886655224,1.87,0.738,1010.0,246.29
K00904.03,42.1406089,1.85,0.646,349.0,3.49
K00904.04,4.617490562,1.62,0.646,728.0,66.47
K00904.05,10.19849255,1.75,0.646,559.0,23.11
K00905.01,5.795063956,4.33,0.827,950.0,192.74
K00906.01,7.15681552,2.47,0.838,782.0,88.23
K00906.02,17.64830851,2.43,0.838,579.0,26.49
K00906.03,4.14810719,1.08,0.838,938.0,182.76
K00907.01,16.51410989,2.72,0.866,655.0,43.57
K00907.02,30.1329298,3.14,0.866,536.0,19.55
K00907.03,4.79090809,1.36,0.866,990.0,227.24
K00124.02,31.71981013,3.09,1.626,743.0,71.97
K00907.04,99.6415962,2.64,0.866,360.0,3.97
K00908.01,4.708326451,10.6,1.21,1162.0,431.02
K00909.01,16.37198661,540.37,0.592,438.0,8.71
K00910.01,5.392026903,2.68,0.801,850.0,123.33
K00928.01,2.494170338,2.42,0.829,1194.0,480.19
K00929.01,6.491682808,9.66,1.107,1062.0,301.54
K00930.01,3.044770796,24.54,0.753,1076.0,317.36
K00931.01,3.855603916,13.61,1.046,1212.0,508.65
K00932.01,3.855599139,3.57,0.965,1158.0,425.74
K00125.01,38.47876629,13.26,0.879,484.0,13.01
K00915.01,37.601661282,27.22,1.096,606.0,31.86
K00916.01,3.314947362,3.94,0.944,1155.0,421.03
K00917.01,6.71969089,4.37,0.866,952.0,194.18
K00918.01,39.6431552,10.98,0.9,472.0,11.74
K00919.01,51.42598578,29.66,1.147,549.0,21.4
K00920.01,21.80451611,2.6,0.708,543.0,20.48
K00921.01,10.28194593,2.53,0.775,680.0,50.6
K00921.02,18.11993039,2.95,0.775,563.0,23.77
K00921.03,3.78402867,1.7,0.775,949.0,191.78
K00922.01,5.15448142,2.94,0.884,964.0,204.1
K00126.01,33.80364366,20.7,1.796,745.0,72.71
K00923.01,5.743469797,3.13,0.891,982.0,219.95
K00924.01,39.4759093,4.06,1.031,577.0,26.13
K00925.01,19.974485239,26.56,0.997,700.0,56.84
K00926.01,3.166353562,3.82,0.998,1273.0,621.92
K00927.01,23.899634407,44.04,0.924,652.0,42.8
K00939.01,3.388012244,2.11,1.25,1315.0,705.93
K00939.02,5.83909761,2.06,1.25,1097.0,341.48
K00939.03,1.620467654,1.57,1.25,1681.0,1893.42
K00939.04,10.6816951,2.3,1.25,897.0,152.75
K00940.01,6.104849417,3.18,0.712,784.0,89.25
K00127.01,3.578780566,10.43,0.994,1145.0,406.6
K00933.01,3.187067566,23.88,0.811,1079.0,319.76
K00934.01,5.826657508,4.09,1.06,1013.0,248.57
K00934.02,12.41216347,2.58,1.06,787.0,90.65
K00934.03,18.74649011,3.05,1.06,686.0,52.38
K00935.01,20.86021229,5.5,1.257,781.0,87.76
K00935.02,42.63427848,5.22,1.257,615.0,33.82
K00935.03,87.6476068,4.0,1.257,484.0,12.94
K00935.04,9.61731426,1.94,1.257,1010.0,246.13
K00936.01,9.467821474,2.13,0.458,407.0,6.47
K00936.02,0.893040969,1.24,0.458,893.0,151.14
K00128.01,4.942783419,10.62,0.978,1008.0,244.42
K00937.01,20.83426731,2.74,0.88,595.0,29.62
K00938.01,9.94602357,3.12,1.013,807.0,100.34
K00938.02,1.04562195,1.45,1.013,1710.0,2031.84
K00938.03,5.71462396,1.78,1.013,971.0,210.16
K00145.01,102.9641952,39.0,7.119,797.0,95.4
K01102.02,8.14515981,3.43,1.24,1050.0,287.91
K01102.03,18.9985279,43.17,1.24,792.0,93.03
K01102.04,4.24439049,2.07,1.24,1305.0,686.99
K01103.01,90.1240507,7.12,1.215,485.0,13.09
K00150.02,28.5742692,2.32,0.812,538.0,19.83
K01168.01,856.672115,3.87,1.309,242.0,0.81
K01169.01,0.689210173,1.32,0.954,1943.0,3362.71
K01170.01,7.34373964,1.84,0.762,839.0,117.5
K01171.01,0.445277068,35.74,1.064,2562.0,10177.11
K00966.01,0.379463865,59.56,1.783,3000.0,19256.81
K00967.01,9.88047978,23.6,0.917,860.0,129.45
K00968.01,4.6484156,5.06,3.482,2259.0,6152.88
K00969.01,17.512014768,13.66,1.132,804.0,98.77
K00970.01,3.9886021,34.39,13.652,3145.0,23135.72
K00971.01,0.533059312,133.56,4.051,5862.0,277887.7
K01044.01,0.525154153,23.61,0.846,2073.0,4391.51
K01045.01,1.303861044,27.85,0.902,1610.0,1595.19
K01047.01,2.55549176,23.35,0.901,1312.0,701.68
K00014.01,2.947376671,403.59,2.234,2404.0,7903.84
K00139.01,224.7789355,7.67,1.235,333.0,2.92
K01104.01,0.890110752,1.25,0.711,1372.0,838.42
K01105.01,5.76573396,7.47,4.434,1964.0,3518.78
K01106.01,7.42608123,2.47,1.176,1037.0,273.78
K01106.02,15.9868932,1.62,1.176,803.0,98.51
K01107.01,0.73094589,17.12,0.848,1922.0,3248.17
K01108.01,18.92537246,13.92,4.885,1171.0,443.58
K01172.01,0.933749106,3.22,2.188,2863.0,15822.49
K01173.01,2.037440623,1.19,1.015,1572.0,1448.05
K01174.01,129995.7784,2.99,0.726,25.0,0.0
K01175.01,31.5925809,1.78,1.487,688.0,53.09
K01176.01,1.97376085,8.78,0.503,753.0,76.1
K00972.01,13.118962443,8.25,4.24,1768.0,2310.43
K00133.01,4.618767792,7.48,1.033,1170.0,442.78
K00972.02,7.82187328,2.78,4.24,2101.0,4601.71
K00974.01,53.5057611,2.52,1.762,675.0,49.16
K00975.01,2.785821236,1.69,1.733,1784.0,2388.98
K00976.01,52.56901867,78.54,1.717,737.0,69.62
K01048.01,3.411758679,14.71,0.561,684.0,51.85
K01049.01,0.525426427,1.45,0.802,2069.0,4349.62
K01050.01,1.269091415,1.41,0.766,1331.0,740.47
K01051.01,6.79685353,2.01,0.97,985.0,222.91
K00146.01,8.667822346,67.37,1.889,1303.0,681.39
K01108.02,1.475323222,5.88,4.885,2740.0,13331.51
K01108.03,4.15246118,7.62,4.885,1941.0,3354.56
K01110.01,8.7348852,1.59,0.96,890.0,148.62
K01111.01,10.26547688,1.81,0.853,770.0,83.13
K00151.01,13.4471791,5.24,1.041,848.0,122.34
K01177.01,3.305577989,25.89,0.707,1027.0,263.55
K01178.01,4.800653901,16.91,1.241,1347.0,778.45
K01179.01,15.06649901,56.44,1.626,932.0,177.96
K01180.01,34.82008158,11.36,0.784,459.0,10.49
K01181.01,0.651784374,33.65,1.061,2090.0,4500.59
K00977.01,1.353771892,430.99,15.76,4903.0,136609.48
K00978.01,18.95491633,71.39,2.534,1139.0,397.48
K00979.01,4.348866254,2436.69,101.451,6421.0,401588.95
K00980.01,47.93094546,68.02,1.938,905.0,158.41
K00981.01,3.99751422,2.98,5.324,2203.0,5563.95
K00982.01,1.592633181,1.56,0.651,1053.0,290.51
K00134.01,67.5923754,12.1,1.744,588.0,28.2
K01052.01,17.02902786,2.54,1.067,755.0,76.66
K01052.02,6.84619236,1.67,1.067,1022.0,258.41
K01052.03,67.8321638,2.39,1.067,476.0,12.14
K01052.04,43.1312147,2.39,1.067,554.0,22.21
K01053.01,1.224866441,1.54,1.107,1741.0,2174.33
K01112.01,37.8102649,2.33,0.973,566.0,24.27
K01113.01,25.93406406,2.48,1.225,695.0,55.1
K01113.02,83.4463485,2.73,1.225,471.0,11.59
K01114.01,7.04710032,25.2,1.068,986.0,223.84
K01115.01,12.99204853,2.03,1.242,866.0,132.94
K01182.01,11.11620211,8.96,0.996,853.0,125.21
K01183.01,1.922861499,5.09,0.911,1392.0,884.12
K01184.01,0.635445336,19.0,0.55,1177.0,451.42
K01185.01,1.665784138,97.27,2.789,2636.0,11424.49
K01186.01,55.6639167,34.14,0.853,434.0,8.38
K00152.01,52.09081627,7.14,1.324,592.0,29.07
K00983.01,7.1548608,7.41,1.739,1482.0,1141.57
K00984.01,4.28746668,2.29,0.815,942.0,186.31
K00985.01,2.002779769,1.42,0.892,1311.0,696.4
K00986.01,8.18739443,1.92,0.849,782.0,88.36
K00986.02,76.0498163,1.75,0.849,372.0,4.53
K00139.02,3.341799486,1.67,1.235,1356.0,798.41
K01054.01,3.3226948,15.33,16.959,3859.0,52428.3
K01055.01,36.97708808,38.6,1.239,602.0,31.08
K01056.01,1.851409163,20.42,1.469,2154.0,5090.14
K01057.01,1.303859704,0.98,1.521,2393.0,7759.2
K00147.01,145.5624926,40.15,1.095,387.0,5.33
K01116.01,3.749105745,1.68,0.983,1160.0,428.25
K01117.01,11.08956602,3.51,2.867,1422.0,965.62
K01118.01,7.37290344,2.67,1.07,1004.0,240.11
K01119.01,7.24476126,0.65,0.874,837.0,116.02
K01193.01,119.0624882,10.4,0.92,366.0,4.26
K01194.01,8.70798309,2.01,0.554,543.0,20.59
K01194.02,14.8623076,1.57,0.554,454.0,10.08
K01194.03,4.17634276,1.23,0.554,694.0,54.8
K00152.02,27.40229859,3.63,1.324,734.0,68.46
K00987.01,3.179267286,1.21,0.857,1101.0,347.01
K00988.01,10.38122447,2.18,0.78,672.0,48.37
K00988.02,24.5709023,2.82,0.78,505.0,15.33
K00989.01,81.221876,16.59,0.874,385.0,5.2
K00989.02,0.817026268,2.92,0.874,1784.0,2386.13
K00135.01,3.024092505,12.14,1.358,1489.0,1162.54
K01058.01,5.670155713,5.85,0.183,341.0,3.21
K01059.01,1.022678654,1.14,1.02,1734.0,2138.47
K01060.01,12.10968709,2.98,1.458,1005.0,240.8
K01060.02,4.75796103,1.7,1.458,1372.0,835.65
K01060.03,20.4972755,2.96,1.458,843.0,119.42
K01119.02,13.55480534,0.62,0.874,679.0,50.41
K01120.01,29.74454668,20.06,0.788,455.0,10.1
K01121.01,14.15402428,53.25,1.037,777.0,86.13
K01122.01,0.844786082,35.27,0.915,1864.0,2846.03
K01123.01,0.848483947,32.11,0.936,1908.0,3117.82
K01124.01,11.99097576,37.47,1.072,880.0,141.63
K01199.01,53.5292702,2.28,0.708,348.0,3.48
K01200.01,0.393726813,24.17,1.031,2705.0,12661.53
K01201.01,2.757584622,1.01,0.424,615.0,33.79
K01202.01,0.928310036,1.16,0.602,1115.0,365.72
K00152.03,13.48457668,3.39,1.324,929.0,176.29
K01203.01,31.8841473,3.7,0.974,563.0,23.82
K00989.03,16.15811112,86.13,0.874,660.0,44.83
K00990.01,67.69213907,175.98,10.703,1173.0,448.21
K00991.01,12.06222962,1.62,0.933,750.0,74.8
K00992.01,9.93146307,2.41,1.22,931.0,177.83
K00993.01,21.85362905,1.75,0.876,618.0,34.57
K01060.04,8.19345065,1.74,1.458,1144.0,405.75
K00140.01,19.97867,6.85,1.895,1351.0,788.02
K01061.01,41.8059544,2.02,0.973,533.0,19.02
K01062.01,15.45158184,2.02,2.069,1285.0,643.83
K01063.01,89.698168533,102.08,1.583,554.0,22.33
K01064.01,1.187352427,67.35,1.489,2251.0,6067.3
K00015.01,3.012476582,65.25,2.031,2371.0,7471.65
K00148.01,4.77800306,1.85,0.873,932.0,177.79
K01125.01,7.814839231,5.33,0.931,903.0,156.74
K01126.01,29.7452499,3.6,1.004,557.0,22.74
K01127.01,5.32667299,2.26,0.921,1007.0,242.97
K01187.01,0.741057213,26.67,0.776,1730.0,2128.29
K01188.01,2.988085455,21.81,0.809,1101.0,348.05
K01189.01,2.783883492,67.17,2.147,1934.0,3304.55
K01190.01,0.393727296,23.05,0.808,2216.0,5746.51
K01191.01,8.17242644,3.29,0.905,858.0,127.95
K01192.01,1295.362215,57.82,1.048,169.0,0.19
K00993.02,13.0607936,1.45,0.876,734.0,68.66
K00994.01,4.2989201,2.12,0.986,1046.0,283.62
K00995.01,25.9518461,22.32,0.796,521.0,17.37
K00996.01,25.9518536,24.6,0.742,494.0,14.09
K00997.01,5.68628739,4.5,0.956,1059.0,297.81
K00136.01,15.663886949,27.36,2.221,1060.0,298.77
K01065.01,4.020628573,16.94,1.033,1232.0,543.92
K01066.01,5.714817603,9.29,0.842,943.0,187.27
K01067.01,185.02288222,49.82,1.367,379.0,4.89
K01068.01,2.897432135,14.35,2.994,2170.0,5240.0
K01069.01,8.70420525,2.86,0.863,748.0,74.13
K01127.02,8.1280933,1.39,0.921,875.0,138.51
K01127.03,2.83668931,1.19,0.921,1242.0,562.48
K01128.01,0.974868896,1.16,0.832,1612.0,1605.87
K01129.01,4.89721006,1.48,0.847,904.0,157.93
K01130.01,2.757794163,20.05,0.891,1231.0,542.43
K01132.01,1.914158508,13.63,1.118,1646.0,1730.47
K01196.01,3.98216698,3.32,1.548,1374.0,842.48
K01197.01,0.643794198,19.51,0.83,2011.0,3852.91
K01198.01,16.08832318,3.42,1.33,875.0,138.64
K01198.02,10.30067919,2.2,1.33,1015.0,251.55
K01198.03,35.6757453,3.02,1.33,671.0,47.96
K00998.01,161.78832712,36.14,1.212,375.0,4.68
K00999.01,16.56806842,2.54,0.716,548.0,21.27
K00999.02,47.3329299,2.18,0.716,386.0,5.25
K01000.01,0.856895349,0.82,0.873,1881.0,2960.82
K01001.01,40.8065333,3.71,2.097,772.0,83.75
K01069.02,2.46697039,1.56,0.863,1139.0,398.42
K00141.01,2.624234833,5.11,0.899,1164.0,434.31
K01070.01,6.61836309,2.98,1.294,1066.0,304.65
K01070.02,107.7214092,4.75,1.294,421.0,7.39
K01070.03,92.77779,1.92,1.019,410.0,6.7
K01133.01,5.251916208,37.15,0.872,952.0,194.17
K00148.02,9.673958488,2.63,0.873,736.0,69.42
K01134.01,100.3039228,29.55,0.772,313.0,2.26
K01135.01,0.986620248,43.98,1.385,2308.0,6719.67
K01203.02,14.12847677,2.73,0.974,739.0,70.5
K01203.03,48.6478543,4.14,0.974,489.0,13.57
K01204.01,8.39842977,2.0,1.044,984.0,221.66
K01205.01,8.63847391,5.99,3.046,1419.0,958.35
K01206.01,422.917678,5.89,1.444,292.0,1.73
K01001.02,140.10765,3.42,2.097,511.0,16.17
K01002.01,3.4815917,1.17,1.022,1156.0,421.61
K01003.01,8.360616221,40.35,2.445,1263.0,601.6
K01004.01,1.838514968,4.86,0.94,1426.0,974.1
K01005.01,35.61760233,5.17,0.779,456.0,10.19
K01071.01,1.09206833,1.29,0.859,1611.0,1588.89
K01072.01,10.12805158,1.95,0.82,767.0,81.77
K01073.01,1.613001111,1.25,1.205,1680.0,1878.1
K01074.01,3.770551475,12.05,1.075,1302.0,679.75
K01075.01,1.343767797,18.66,2.312,2654.0,11675.38
K01076.01,29.12436474,15.25,0.481,356.0,3.81
K01138.01,31.82814583,35.8,0.92,564.0,23.97
K01139.01,3.629442796,3.28,1.217,1434.0,1001.35
K01140.01,0.553261874,97.36,3.142,3689.0,43709.08
K01141.01,5.72812616,1.38,0.548,569.0,24.74
K01142.01,3.75574267,1.58,0.788,977.0,215.46
K06269.01,7.45301717,37.37,16.755,2595.0,10730.53
K01143.01,7.44042933,2.74,0.877,883.0,144.12
K00941.01,6.581477136,4.56,0.973,881.0,142.63
K00129.01,24.669192732,77.76,9.327,1485.0,1150.61
K00941.02,2.382652873,2.74,0.973,1237.0,553.53
K00941.03,24.66461416,5.34,0.973,567.0,24.53
K00942.01,11.51517167,2.9,0.798,657.0,43.96
K00137.01,7.641567589,4.91,1.055,899.0,154.25
K01006.01,30.6113932,19.68,0.534,317.0,2.38
K01007.01,7.40742502,2.01,0.961,938.0,183.15
K01008.01,569.934135,38.98,2.057,296.0,1.81
K01009.01,5.09246539,1.17,0.751,844.0,119.7
K01077.01,1.103971357,1.37,0.746,1471.0,1109.79
K00142.01,10.916108342,3.93,0.932,758.0,78.19
K01078.01,3.353732008,1.65,0.46,615.0,33.76
K01078.02,6.877446033,2.05,0.46,484.0,12.95
K01078.03,28.46464804,1.87,0.46,301.0,1.95
K01079.01,0.293630085,26.35,0.843,2503.0,9283.34
K00148.03,42.89645024,2.0,0.873,448.0,9.54
K01144.01,2.44199803,1.44,0.796,1282.0,638.05
K01145.01,30.5872153,2.32,1.082,621.0,35.08
K01146.01,7.09712124,0.74,0.389,425.0,7.73
K01147.01,2.6827683,1.19,1.223,1551.0,1366.57
K00943.01,3.601465336,2.31,0.855,996.0,232.65
K00944.01,3.108251172,4.43,0.847,1096.0,340.69
K00945.01,25.8474958,2.4,1.031,672.0,48.23
K00945.02,40.715561,2.7,1.031,578.0,26.34
K00946.01,20.42720701,4.42,0.958,674.0,48.72
K01011.01,6.198273591,19.81,0.898,985.0,222.23
K01012.01,1.023471798,3.78,0.893,1727.0,2103.09
K01013.01,0.51872711,19.07,0.762,1965.0,3537.27
K01014.01,17.31711739,2.04,0.502,454.0,10.07
K01015.01,9.42889884,4.39,1.86,1163.0,432.9
K01080.01,1.096583368,1.35,0.763,1474.0,1119.9
K01081.01,9.95639775,28.15,1.053,905.0,158.42
K01082.01,6.50327035,1.67,0.843,804.0,98.81
K01082.02,4.09667624,1.42,0.843,938.0,182.9
K01082.03,1.196548464,1.25,0.843,1414.0,945.12
K01148.01,11.47609015,2.07,1.41,984.0,221.34
K01148.02,25.2630467,1.71,1.41,756.0,77.24
K01150.01,0.677374687,0.9,1.037,2099.0,4572.56
K01151.01,10.43547031,1.22,0.853,759.0,78.35
K01151.02,7.41084314,0.94,0.853,850.0,123.4
K00947.01,28.59914031,1.83,0.461,298.0,1.87
K00948.01,24.58716355,2.37,0.749,530.0,18.72
K00130.01,34.193600311,21.95,1.786,778.0,86.74
K00949.01,12.53248222,3.24,0.904,775.0,85.15
K00950.01,31.201692472,8.31,0.449,286.0,1.59
K00951.01,13.19720694,4.18,0.885,642.0,40.03
K00137.02,14.85890852,5.94,1.055,720.0,63.52
K01015.02,4.08897299,2.36,1.86,1537.0,1317.96
K01016.01,2.866680334,2.93,0.764,1045.0,282.64
K01017.01,17.44486016,3.24,0.966,679.0,50.32
K01018.01,8.30697421,37.99,2.124,1246.0,570.93
K01083.01,7.33685101,1.52,0.848,875.0,138.46
K00143.01,22.65117451,7.62,1.333,855.0,126.57
K01084.01,1.204274435,1.19,0.849,1564.0,1413.91
K01085.01,7.71790675,0.9,0.509,502.0,15.01
K01086.01,27.6652847,2.21,1.017,641.0,39.94
K01087.01,0.948950734,36.87,1.133,2103.0,4636.91
K00149.01,14.55730897,4.32,1.412,879.0,141.0
K01152.01,4.722254104,14.45,0.488,557.0,22.67
K01153.01,0.635069939,57.77,1.058,2351.0,7193.72
K01154.01,6.810823723,26.06,2.079,1626.0,1656.16
K01155.01,0.933746515,25.54,0.716,1508.0,1222.25
K01156.01,1.872421727,5.65,0.825,1298.0,672.92
K00951.02,33.6528474,3.05,0.885,470.0,11.5
K00952.01,5.90127815,1.94,0.498,514.0,16.54
K00952.02,8.75209691,1.83,0.498,451.0,9.76
K00952.03,22.78078241,2.17,0.498,328.0,2.73
K00952.04,2.896005211,1.23,0.498,652.0,42.53
K00952.05,0.742957911,1.47,0.498,1026.0,262.51
K01020.01,54.35635067,38.81,1.255,566.0,24.18
K01021.01,0.54624855,18.93,0.714,1837.0,2677.36
K01022.01,18.82744023,2.7,0.86,632.0,37.82
K01023.01,8.4120069,1.71,0.621,590.0,28.69
K01024.01,5.747711909,1.86,0.632,641.0,40.07
K00137.03,3.504691252,2.03,1.055,1165.0,435.21
K01089.01,86.67856052,9.83,1.081,434.0,8.41
K01089.02,12.21828097,5.1,1.081,835.0,114.59
K01090.01,8.387210055,72.52,1.795,1211.0,509.55
K01091.01,15.2384539,9.84,1.086,829.0,111.67
K01092.01,0.413334492,31.52,1.016,2509.0,9374.09
K01157.01,0.93374614,149.71,4.319,3303.0,28084.15
K01158.01,6.47179275,2.08,1.033,1075.0,316.0
K01159.01,64.617518,5.4,0.881,383.0,5.09
K01160.01,13.21409607,2.77,0.728,629.0,36.95
K01161.01,6.05729966,1.94,1.004,947.0,189.98
K00953.01,3.584101048,4.66,0.922,1131.0,386.66
K00013.01,1.763587535,21.42,3.031,3559.0,37958.27
K00131.01,5.014234733,10.63,1.307,1308.0,692.13
K00954.01,8.11528727,3.1,0.887,879.0,140.92
K00954.02,36.9250409,3.01,0.887,530.0,18.7
K01025.01,37.4783492,10.05,0.44,262.0,1.12
K01028.01,8.09695764,34.0,1.707,1197.0,484.58
K01029.01,32.3122867,4.84,1.494,699.0,56.49
K01030.01,9.22961384,2.79,1.252,1021.0,257.11
K01031.01,14.5598556,1.64,0.966,758.0,78.26
K00144.01,4.176254191,3.07,0.776,876.0,139.48
K01093.01,0.528755447,47.75,1.954,3271.0,27241.45
K01094.01,6.10027621,2.59,0.937,990.0,227.15
K01095.01,51.59809554,6.57,0.859,449.0,9.61
K01096.01,1500.0,9.8,0.76,139.0,0.09
K01097.01,10.9110487,2.36,0.864,786.0,90.07
K00150.01,8.408878137,2.28,0.812,809.0,101.22
K01161.02,10.93725572,2.41,1.004,777.0,86.28
K01161.03,2.97136658,1.52,1.004,1200.0,490.13
K01162.01,158.6850022,3.08,1.034,350.0,3.53
K01163.01,2.936527336,1.92,1.002,1209.0,505.22
K00955.01,7.03902016,2.45,1.058,1051.0,288.92
K00956.01,8.360870704,3.67,0.81,690.0,53.68
K00957.01,3.14051153,31.01,0.974,1306.0,689.48
K00958.01,21.76129812,2.53,0.72,486.0,13.18
K00959.01,12.713794177,2.31,0.116,181.0,0.26
K00960.01,15.801100028,15.61,0.789,614.0,33.6
K01032.01,1500.1406772,18.35,2.283,206.0,0.42
K01034.01,1.739428983,268.65,0.742,1268.0,612.49
K01035.01,1.217266418,14.49,1.638,2378.0,7548.29
K01036.01,19.563092517,23.76,1.831,965.0,205.39
K01037.01,3.7228551,5.67,0.863,1118.0,368.33
K00138.01,48.93786896,24.19,1.761,764.0,80.37
K01098.01,5.48990788,23.6,0.96,1039.0,275.65
K01099.01,161.5278347,8.19,1.213,366.0,4.25
K01100.01,0.73093905,1.45,0.711,1488.0,1159.62
K01101.01,11.39102358,1.67,0.728,618.0,34.55
K01102.01,12.33343853,4.12,1.24,915.0,165.3
K01163.02,8.01500821,2.0,1.002,865.0,132.46
K01164.01,0.933749941,12.93,0.48,919.0,168.44
K01165.01,7.053934488,2.36,0.863,840.0,117.33
K01165.02,4.29263699,0.68,0.863,991.0,227.69
K01166.01,7.6746614,2.8,1.001,957.0,198.67
K01167.01,0.445275074,1.21,0.725,1950.0,3419.7
K00961.01,1.213770423,0.78,0.148,525.0,18.03
K00961.02,0.453287416,0.76,0.148,729.0,66.14
K00132.01,10.810132734,13.95,1.284,985.0,222.68
K00964.01,3.273699006,22.36,2.493,3060.0,20728.79
K00965.01,7.047103499,51.86,1.035,955.0,196.62
K01039.01,1.073917869,33.01,0.959,1794.0,2450.63
K01040.01,4.206096814,32.66,1.076,1252.0,581.11
K01041.01,19.56313723,9.73,1.077,706.0,58.71
K01042.01,2.227718792,8.88,0.922,1400.0,906.46
K01043.01,0.591914504,27.21,0.655,1646.0,1746.78
K01360.01,36.7704935,2.83,0.755,437.0,8.6
K01360.02,14.58932429,2.32,0.755,594.0,29.53
K01360.03,0.764017553,0.86,0.755,1589.0,1503.79
K01361.01,59.8780258,2.19,0.599,273.0,1.31
K01362.01,20.51360192,2.58,0.704,540.0,20.15
K01426.02,74.92768653,6.39,0.897,409.0,6.62
K01426.03,150.0189511,32.6,0.897,325.0,2.62
K01427.01,2.613020421,1.5,0.517,713.0,61.24
K01428.01,0.927859786,1.79,0.699,1361.0,813.3
K01429.01,205.912735,4.68,0.969,298.0,1.85
K00168.03,7.10695741,1.72,1.518,1157.0,422.8
K01239.01,0.783276173,1.98,1.233,2149.0,5056.88
K01239.02,3.17405898,2.09,1.233,1348.0,780.46
K01240.01,2.1395563,1.76,1.08,1425.0,974.3
K01240.02,4.807103254,2.96,1.08,1088.0,330.84
K01241.01,21.4054422,11.64,4.361,1087.0,330.0
K01241.02,10.5007712,5.68,4.361,1378.0,852.28
K01305.01,2.633852528,1.38,0.878,1131.0,387.43
K01305.02,6.18670882,1.21,0.878,851.0,123.96
K01306.01,1.796320953,1.2,0.829,1367.0,827.82
K01306.02,3.468073,1.29,0.829,1098.0,343.57
K01306.03,5.9142668,1.31,0.829,919.0,168.51
K00162.01,14.00640392,3.11,1.124,807.0,100.09
K01363.01,3.546531809,2.18,0.986,1212.0,510.26
K01363.02,5.70070626,2.03,0.986,1035.0,270.62
K01364.01,20.8341497,2.26,0.808,563.0,23.82
K01364.02,7.0556584,2.13,0.808,808.0,100.88
K01430.01,10.47548084,2.11,0.611,540.0,20.15
K01430.02,22.92886314,2.08,0.611,416.0,7.09
K01430.03,77.4740991,2.63,0.611,277.0,1.4
K01431.01,345.1589354,7.79,0.931,241.0,0.8
K01432.01,6.88595222,2.68,0.999,946.0,189.35
K01242.01,99.6442783,8.48,1.016,415.0,6.98
K01243.01,3.125814002,1.88,1.181,1460.0,1073.04
K00155.01,5.660669429,3.24,1.173,1115.0,365.53
K01244.01,10.80487163,1.71,0.998,857.0,127.84
K01245.01,13.71938426,1.98,1.105,864.0,131.94
K01306.04,29.2214959,1.81,0.829,539.0,20.03
K01307.01,44.8520997,3.35,1.071,513.0,16.35
K01307.02,20.34237838,2.88,1.071,667.0,46.93
K00157.05,118.3786735,3.4,1.046,376.0,4.75
K01308.01,23.58444746,3.0,1.354,730.0,66.96
K01364.03,11.97884409,2.11,0.808,678.0,49.87
K01364.04,3.71545593,1.46,0.808,1001.0,237.42
K01364.05,2.58083264,1.31,0.808,1130.0,386.18
K01365.01,1.487084251,1.6,0.876,1462.0,1076.29
K01366.01,19.25404023,3.04,0.941,657.0,44.17
K01432.02,15.0549356,1.6,0.999,729.0,66.72
K01432.03,2.92721119,1.29,0.999,1258.0,593.23
K01432.04,38.2856338,1.77,0.999,534.0,19.24
K01433.01,19.80787763,2.08,0.84,624.0,35.89
K01434.01,2.343230566,1.18,0.782,1054.0,292.31
K01246.01,19.03723442,5.74,2.892,1051.0,288.04
K01247.01,2.73987398,34.83,2.26,2113.0,4705.3
K01248.01,5.801880653,19.91,0.874,964.0,203.62
K01249.01,85.34092607,1177.65,0.898,409.0,6.61
K01250.01,0.782045734,45.05,0.995,2070.0,4332.1
K01251.01,0.576078683,23.23,0.816,1982.0,3647.63
K01309.01,10.1171684,3.07,1.792,1163.0,433.41
K01310.01,19.12947603,4.23,1.71,817.0,105.25
K01311.01,83.5781976,6.63,2.562,655.0,43.62
K01312.01,6.1469956,2.04,1.296,1164.0,433.72
K01313.01,0.522457732,1.52,0.954,2308.0,6715.55
K01366.02,54.1558384,3.88,0.941,466.0,11.12
K00018.01,3.548465446,14.92,1.746,1640.0,1708.28
K00163.01,11.1199028,2.08,0.766,649.0,42.07
K01367.01,0.567856484,1.55,0.853,1848.0,2760.23
K01368.01,251.0597249,44.2,1.086,301.0,1.93
K00169.01,11.70219638,16.15,0.762,719.0,63.16
K01435.01,40.7150498,2.2,0.881,516.0,16.76
K01435.02,10.44635944,2.18,0.881,812.0,102.77
K01436.01,2.508553286,1.28,0.881,1278.0,629.8
K01436.02,13.75129636,1.66,0.881,725.0,65.24
K01252.01,0.885747456,269.98,10.396,4958.0,142553.16
K01253.01,3.611541977,28.07,0.802,1005.0,240.29
K00156.01,8.041347775,1.29,0.54,507.0,15.59
K01254.01,5.082722475,4.4,1.0,1059.0,296.94
K01255.01,78.9257421,11.9,0.882,398.0,5.94
K01256.01,9.991625291,38.93,1.096,907.0,160.14
K01314.01,8.57504983,4.26,3.464,1374.0,841.68
K01315.01,6.84639884,1.9,1.31,1132.0,387.84
K01316.01,7.64970832,1.43,1.613,1144.0,404.99
K00157.06,10.30401132,1.84,1.046,849.0,122.98
K01317.01,2.171827838,58.56,0.891,1311.0,698.31
K01369.01,3.016182013,2.25,1.4,1449.0,1044.49
K01370.01,6.8833761,1.69,0.794,857.0,127.67
K01371.01,0.833980196,1.45,0.871,1816.0,2562.78
K01373.01,1.926353494,1.33,0.899,1484.0,1146.34
K01374.01,0.890737359,20.57,1.169,2022.0,3948.43
K01436.03,5.41908491,1.38,0.881,989.0,225.71
K01437.01,7.01733571,1.61,0.967,984.0,221.46
K01438.01,6.91134223,1.9,1.35,1086.0,328.65
K01439.01,394.6249514,7.79,1.727,325.0,2.65
K01440.01,7.19304935,1.59,0.991,995.0,232.36
K01257.01,86.64764448,9.4,1.12,419.0,7.28
K01258.01,36.33750453,5.3,0.884,513.0,16.36
K01258.02,14.64613058,2.22,0.884,694.0,54.95
K01258.03,148.272013,4.3,0.884,321.0,2.51
K01259.01,1.506507172,13.4,0.473,801.0,97.56
K01318.01,1.634614356,44.22,0.97,1611.0,1597.73
K01319.01,16.025018977,1069.01,0.789,657.0,44.01
K01320.01,10.50682978,9.01,0.782,668.0,47.21
K01321.01,0.711966971,33.34,0.83,1855.0,2808.98
K01322.01,17.72724392,14.77,1.006,741.0,71.06
K01375.01,321.2124365,7.25,1.286,310.0,2.17
K01376.01,7.13895376,49.96,2.145,1622.0,1635.0
K00164.01,4.4645454,3.07,1.985,1601.0,1555.36
K01377.01,11.29689442,1.74,1.176,907.0,160.18
K01378.01,19.30112039,1.66,0.943,669.0,47.49
K00019.01,1.20320092,49.25,1.349,2124.0,4809.16
K00171.01,5.968724048,3.26,1.439,1251.0,579.9
K01449.01,10.980246199,21.94,0.897,821.0,107.47
K01450.01,2.144632238,59.19,1.305,1736.0,2146.82
K01451.01,27.32204488,21.58,0.772,531.0,18.81
K01452.01,1.152216965,187.73,15.113,5283.0,183811.71
K01260.01,5.2972293,47.7,14.296,2867.0,15961.1
K01261.01,133.460999,11.21,1.593,433.0,8.29
K00156.02,5.188563677,1.0,0.54,586.0,27.95
K01261.02,15.19423359,3.69,1.593,893.0,150.25
K01262.01,14.17098745,4.19,0.777,608.0,32.22
K01263.01,31.9734169,24.1,0.774,442.0,9.01
K01323.01,3.990105908,7.45,0.913,1124.0,378.53
K01324.01,0.52205862,27.16,0.878,2022.0,3951.57
K01325.01,10.035381809,4.42,0.833,786.0,90.33
K01326.01,53.100942624,24.02,0.973,464.0,10.93
K00158.01,5.80181368,4.52,2.097,1491.0,1168.82
K01327.01,15.6402515,18.11,0.826,640.0,39.55
K01378.02,0.691666384,0.58,0.943,2031.0,4014.57
K01379.01,5.62154315,1.37,0.96,992.0,229.04
K01380.01,1.074106954,0.52,0.676,1255.0,588.96
K01381.01,5.117401517,28.41,1.053,1130.0,385.51
K01382.01,4.20233673,23.53,1.094,1246.0,570.87
K01441.01,8.50698069,1.9,0.986,900.0,155.42
K00170.01,15.60865244,6.17,2.43,1419.0,958.55
K01442.01,0.669310092,1.13,1.003,1983.0,3643.96
K01443.01,4.494498254,62.11,3.403,1667.0,1824.84
K01444.01,44.9306706,2.49,1.164,565.0,24.17
K01264.01,14.13175309,3.02,0.822,675.0,49.18
K01265.01,1.061934816,25.72,0.87,1660.0,1789.63
K01266.01,11.41926141,1.48,0.492,419.0,7.32
K01267.01,5.93821065,61.63,0.85,996.0,231.93
K01268.01,268.9410974,13.57,1.306,321.0,2.52
K01269.01,0.655001616,31.77,2.089,3162.0,23595.49
K01329.01,33.1996355,2.85,0.88,485.0,13.09
K01330.01,8.65306587,19.78,0.694,633.0,37.94
K01331.01,6.80082032,1.88,0.688,697.0,55.83
K01332.01,19.30581662,4.0,1.522,815.0,104.41
K01383.01,3.221785738,25.03,1.041,1357.0,800.37
K01384.01,0.6243875,29.45,0.618,1639.0,1693.36
K01385.01,18.610092584,55.23,0.891,686.0,52.24
K00165.01,13.22175358,2.38,0.799,640.0,39.56
K01386.01,1.137525054,42.74,0.937,1746.0,2197.52
K01387.01,23.799939273,51.74,0.957,637.0,38.92
K01445.01,7.16893064,1.61,1.458,1187.0,469.56
K01445.02,54.325574,0.76,1.137,545.0,20.85
K01446.01,1.22775877,48.79,1.044,1859.0,2809.86
K01447.01,40.24649897,97.54,1.691,768.0,82.27
K01447.02,2.27999662,20.74,1.691,2000.0,3775.07
K01448.01,2.48658617,24.39,1.198,1461.0,1077.69
K01270.01,5.729317577,2.41,0.786,850.0,123.03
K00156.03,11.776132317,2.08,0.54,446.0,9.37
K01270.02,11.60908533,1.71,0.786,671.0,48.06
K01271.01,162.0479502,11.52,1.567,437.0,8.65
K01272.01,0.530967162,23.72,1.193,2704.0,12644.75
K01273.01,40.05881661,3.43,0.868,489.0,13.57
K01332.02,6.09747233,2.22,1.522,1197.0,485.84
K01332.03,56.637918,3.68,1.522,570.0,24.87
K01333.01,2.243016513,1.37,0.732,1167.0,438.46
K01334.01,8.6531216,22.58,0.852,772.0,84.05
K00159.01,8.99088621,2.78,1.171,960.0,200.35
K01388.01,34.064566412,15.57,0.892,570.0,25.0
K01389.01,4.350087749,24.77,0.953,1136.0,393.2
K01390.01,1.744101106,7.21,0.703,1016.0,251.54
K01391.01,7.981187121,18.75,0.989,966.0,205.88
K01392.01,4.118775582,4.48,0.802,1067.0,306.75
K01393.01,1.694740233,2.12,0.527,797.0,95.14
K01453.01,0.971933156,50.75,0.931,1754.0,2240.48
K01454.01,121.5991278,379.63,0.847,358.0,3.87
K01455.01,15.068060768,16.43,0.96,742.0,71.78
K01456.01,7.886632468,8.99,1.135,996.0,232.07
K01457.01,8.027681123,8.43,0.887,824.0,109.35
K01274.01,704.962626,4.53,0.818,178.0,0.24
K01275.01,50.28635977,3.88,1.167,543.0,20.59
K01276.01,22.79020351,2.57,1.053,634.0,38.27
K01276.02,13.26079792,1.47,1.053,760.0,78.79
K01277.01,1.061932545,2.29,1.851,2508.0,9391.15
K01335.01,127.8334997,9.46,2.17,554.0,22.21
K01336.01,10.21864532,2.33,1.083,920.0,169.13
K01336.02,15.573637,2.94,1.083,799.0,96.38
K01336.03,40.1015561,2.92,1.083,583.0,27.31
K01336.04,4.45814897,1.61,1.083,1212.0,511.6
K01394.01,5.663621501,2.47,0.723,774.0,84.76
K01395.01,6.230335,3.7,0.865,875.0,138.33
K00166.01,12.49340725,2.2,0.795,649.0,42.08
K01396.01,6.62643441,2.54,0.903,895.0,151.59
K01396.02,3.70122061,1.62,0.903,1087.0,330.02
K01397.01,6.247030799,1.89,0.487,512.0,16.23
K01207.01,13.73474071,2.71,0.772,634.0,38.11
K01208.01,700.00298217,6.43,1.118,238.0,0.76
K01209.01,272.0868353,5.95,0.791,251.0,0.93
K01210.01,14.55387488,3.45,1.507,939.0,183.48
K00016.01,0.895277575,9.27,3.325,4253.0,77480.31
K00152.04,81.0637895,3.01,1.324,511.0,16.12
K01278.01,24.8056775,2.16,0.872,588.0,28.22
K00157.01,13.02493307,2.88,1.046,786.0,90.1
K01278.02,44.3471936,2.45,0.872,484.0,13.0
K01278.03,9.2207691,1.02,0.872,817.0,105.63
K01278.04,13.6396648,1.1,0.872,717.0,62.6
K01337.01,1.922799706,1.28,0.815,1215.0,514.44
K01603.01,3.02168007,1.31,0.989,1332.0,744.35
K01338.01,3.222975318,1.47,0.96,1239.0,558.65
K01338.02,42.0370662,1.66,0.96,527.0,18.16
K01338.03,21.0112068,1.4,0.96,663.0,45.79
K01339.01,4.16811839,2.28,1.313,1277.0,628.73
K01398.01,5.82348911,3.0,0.864,955.0,196.33
K01399.01,8.75059775,2.27,0.779,682.0,51.0
K01400.01,9.41475056,19.33,1.033,962.0,202.58
K01401.01,0.56669006,1.52,1.386,2955.0,18023.71
K01402.01,7.13969705,2.24,0.993,965.0,205.23
K01403.01,18.75470238,1.67,0.54,382.0,5.03
K06277.01,0.648868342,72.32,1.524,2882.0,16368.52
K01211.01,3.00363219,1.43,1.32,1571.0,1441.44
K01212.01,11.30123036,1.85,1.122,852.0,124.42
K01213.01,0.796722833,1.44,1.334,2401.0,7844.64
K01214.01,4.24153629,1.44,1.047,1177.0,452.95
K01215.01,17.32419108,3.14,1.857,964.0,204.1
K01279.01,14.37457572,1.94,1.067,779.0,87.24
K01279.02,9.65188331,1.08,1.067,890.0,148.32
K01280.01,6.0990118,3.16,1.971,1374.0,842.53
K01281.01,49.4781446,1.88,0.849,462.0,10.73
K01282.01,30.8639476,3.01,1.571,743.0,72.05
K00159.02,2.403640701,1.24,1.171,1489.0,1164.85
K01340.01,2.90060781,1.58,1.371,1645.0,1727.31
K01341.01,4.51436096,1.84,1.215,1231.0,543.73
K01342.01,3.77359871,1.29,0.969,1270.0,614.52
K01342.02,8.18182189,1.77,0.969,981.0,218.9
K01404.01,13.32389352,1.26,0.45,378.0,4.83
K00167.01,4.919584997,2.86,1.378,1312.0,702.13
K01405.01,11.41911886,3.32,1.172,921.0,170.33
K01406.01,11.36113254,2.6,1.009,869.0,134.97
K01407.01,1.3866358,0.72,0.856,1503.0,1205.94
K01408.01,14.53410833,1.36,0.553,420.0,7.34
K01215.02,33.0063185,3.13,1.857,778.0,86.38
K01216.01,11.13127159,2.06,1.435,952.0,194.31
K01217.01,3.47143963,1.19,1.111,1358.0,805.05
K01218.01,29.6193891,1.74,0.996,580.0,26.79
K00153.01,8.925079516,2.36,0.693,628.0,36.89
K01283.01,8.0922105,1.44,1.395,1089.0,331.65
K01284.01,3.117087797,88.51,2.046,1842.0,2725.12
K00157.02,22.687155,3.2,1.046,653.0,42.95
K01285.01,0.937406378,7.09,0.843,1659.0,1790.11
K01286.01,0.668483615,29.53,0.81,1832.0,2642.17
K01343.01,1.544927524,1.39,1.132,1824.0,2606.96
K01344.01,4.48758768,1.37,1.257,1305.0,684.07
K01345.01,0.323021692,46.4,0.972,2545.0,9913.7
K01346.01,4.70818628,42.99,0.894,1046.0,282.41
K01347.01,14.405857436,23.42,1.346,888.0,146.95
K01348.01,7.702374154,225.25,0.83,825.0,109.38
K01409.01,16.56062577,2.94,0.855,701.0,57.28
K01410.01,15.74958583,2.77,1.025,777.0,86.18
K01412.01,37.8145252,3.04,1.314,626.0,36.25
K01413.01,12.64504291,1.55,0.886,741.0,71.28
K01413.02,21.5262958,1.36,0.886,621.0,35.03
K01413.03,33.8845825,1.74,0.886,533.0,19.13
K01220.01,6.40087137,1.91,1.421,1109.0,357.44
K01221.01,30.1599411,4.54,3.051,836.0,115.69
K01221.02,51.0771048,3.66,3.051,702.0,57.28
K01222.01,4.2856756,2.13,3.733,1790.0,2429.13
K01223.01,7.388833611,10.66,0.838,877.0,139.94
K01224.01,2.698021895,52.51,1.211,1582.0,1481.76
K01288.01,117.93110803,10.36,1.072,418.0,7.2
K01289.01,4.887806806,5.71,0.812,918.0,167.54
K01290.01,11.973605044,38.2,0.943,820.0,106.83
K01291.01,1.231364189,5.39,0.891,1707.0,2005.15
K01292.01,2.102416517,29.29,0.959,1435.0,1003.06
K01293.01,11.703109303,37.3,0.958,811.0,102.47
K00160.01,13.73808249,3.84,1.178,912.0,163.52
K01349.01,16.66216657,843.45,1.169,834.0,114.41
K01350.01,0.752159702,43.73,1.175,2224.0,5767.22
K01352.01,4.81886153,2.96,0.651,803.0,98.29
K01353.01,125.86540191,12.37,1.115,394.0,5.71
K01353.02,34.5439452,2.67,1.115,607.0,32.02
K00168.01,10.74241765,3.06,1.518,1008.0,243.94
K01414.01,4.02378908,2.24,3.685,2504.0,9293.19
K01415.01,0.312941621,58.02,1.188,3151.0,23300.36
K01416.01,2.495780169,15.75,0.992,1408.0,929.47
K01417.01,8.428090255,517.43,0.805,817.0,105.54
K01418.01,8.344104633,836.31,0.838,785.0,89.55
K01225.01,1.714274727,25.0,0.535,827.0,110.02
K01226.01,137.75960504,49.52,1.452,396.0,5.81
K01227.01,2.155278342,16.89,0.82,1272.0,620.67
K01228.01,3.661326482,12.07,0.798,1023.0,258.6
K00153.02,4.75400072,2.0,0.693,775.0,85.23
K01294.01,9.08937826,5.35,1.275,1104.0,351.45
K00017.01,3.234699282,13.06,1.291,1356.0,797.62
K00157.03,31.99552485,4.12,1.046,582.0,27.17
K01295.01,1.577800747,31.24,0.802,1513.0,1236.23
K01296.01,2.380862632,21.65,1.129,1480.0,1133.0
K01354.01,1.752567456,26.56,0.996,1502.0,1202.54
K01355.01,51.92920654,8.49,1.442,574.0,25.6
K01357.01,3.014330766,2.87,0.953,1124.0,377.79
K01358.01,5.644914154,2.66,0.714,744.0,72.38
K00161.01,3.105507835,2.68,0.791,980.0,217.91
K01419.01,1.336109338,35.19,0.967,1727.0,2106.49
K01420.01,13.35151248,4.44,0.754,585.0,27.77
K01421.01,1693.6636225,10.23,1.021,157.0,0.14
K01422.01,5.841636615,1.38,0.383,446.0,9.38
K01422.02,19.85029495,1.52,0.383,297.0,1.83
K01231.01,22.34293693,2.92,0.58,399.0,6.01
K01232.01,119.40817159,16.26,0.872,328.0,2.72
K01233.01,1.171536413,7.12,1.485,2387.0,7673.2
K01234.01,0.973547911,11.52,0.863,1814.0,2556.6
K01235.01,3.053563251,21.79,0.863,1171.0,444.16
K01297.01,1.031096352,2.36,1.072,2020.0,3954.46
K01298.01,11.00817635,2.15,0.582,488.0,13.39
K01299.01,52.5008645,12.41,4.157,812.0,102.94
K01300.01,0.63133171,1.2,0.53,1322.0,726.72
K01301.01,12.69905011,2.62,0.882,686.0,52.55
K01358.02,8.74292005,1.92,0.714,643.0,40.33
K01358.03,3.64830183,1.33,0.714,860.0,129.44
K01358.04,2.345863002,1.23,0.714,997.0,233.38
K01359.01,37.1011418,3.19,0.85,532.0,18.95
K01359.02,104.8205868,6.45,0.85,376.0,4.74
K01422.03,10.8644095,1.14,0.383,363.0,4.09
K01423.01,124.4197175,10.3,1.659,416.0,7.07
K01424.01,1.219568047,1.51,0.701,1252.0,578.96
K01425.01,2.05388477,2.74,1.176,1523.0,1271.11
K01426.01,38.86848956,2.81,0.897,509.0,15.89
K01236.01,35.7353616,5.47,1.697,774.0,84.66
K01236.02,12.30971679,3.82,1.697,1104.0,350.46
K01236.03,54.4205407,3.2,1.067,574.0,25.6
K01237.01,14.32407216,38.86,1.039,782.0,88.38
K01238.01,27.07237655,2.18,0.965,605.0,31.58
K01301.02,37.5142128,2.68,0.882,478.0,12.38
K01302.01,55.6391882,3.13,0.962,478.0,12.33
K00157.04,46.6856205,2.52,1.046,513.0,16.41
K01303.01,34.2966363,3.29,1.167,584.0,27.6
K01304.01,4.59726613,1.69,0.959,1105.0,352.4
K01602.01,9.97716876,2.53,1.616,1028.0,263.89
K00187.01,30.882538697,15.4,0.993,593.0,29.12
K01604.01,72.4914068,15.33,2.758,700.0,56.76
K01605.01,4.93913074,24.03,1.17,1182.0,461.47
K01713.02,2.240486703,1.22,0.574,837.0,115.98
K01715.01,105.0145774,2.29,1.042,406.0,6.44
K01716.01,4.88084456,1.55,0.861,879.0,141.0
K01717.01,10.56137217,2.43,1.171,867.0,133.56
K01718.01,67.6690554,3.39,1.08,495.0,14.24
K01488.01,3.949627144,2.32,0.836,966.0,206.05
K01489.01,16.00460392,2.24,0.769,583.0,27.41
